INSERT INTO Category (CategoryName)
VALUES('Неотложный')
INSERT INTO Category (CategoryName)
VALUES ('Срочный')
INSERT INTO Category(CategoryName)
VALUES ('Экстренный')

INSERT INTO Rescuers (Firstname,Surname,Lastname,BirthDate,Job)
VALUES ('Лапин', 'Эльдар','Валерьевич','19/01/1964','Бригадир')
INSERT INTO Rescuers (Firstname,Surname,Lastname,BirthDate,Job)
VALUES ('Суханов', 'Валентин','Иосифович','18/11/1975','Бригадир')
INSERT INTO Rescuers (Firstname,Surname,Lastname,BirthDate,Job)
VALUES ('Русаков', 'Ибрагил', 'Яковлевич','27/07/1976','Бригадир')
INSERT INTO Rescuers (Firstname,Surname,Lastname,BirthDate,Job)
VALUES ('Дроздов', 'Донат', 'Христофорович','09/10/1978','Бригадир')
INSERT INTO Rescuers (Firstname,Surname,Lastname,BirthDate,Job)
VALUES ('Игнатьев', 'Аполлон', 'Филиппович','15/03/1979','Бригадир')
INSERT INTO Rescuers (Firstname,Surname,Lastname,BirthDate,Job)
VALUES ('Константинов', 'Рудольф', 'Тимурович','26/10/1982','Бригадир')
INSERT INTO Rescuers (Firstname,Surname,Lastname,BirthDate,Job)
VALUES ('Денисов', 'Натан', 'Матвеевич','23/01/1985','Инженер-спасатель')
INSERT INTO Rescuers (Firstname,Surname,Lastname,BirthDate,Job)
VALUES ('Копылов', 'Натан', 'Донатович','23/09/1986','Инженер-спасатель')
INSERT INTO Rescuers (Firstname,Surname,Lastname,BirthDate,Job)
VALUES ('Муравьёв', 'Карл', 'Глебович','22/03/1988','Инженер-спасатель')
INSERT INTO Rescuers (Firstname,Surname,Lastname,BirthDate,Job)
VALUES ('Колобов', 'Ефим', 'Вячеславович','20/04/1990','Инженер-спасатель')
INSERT INTO Rescuers (Firstname,Surname,Lastname,BirthDate,Job)
VALUES ('Никифоров', 'Климент', 'Степанович','03/02/1991','Инженер-спасатель')
INSERT INTO Rescuers (Firstname,Surname,Lastname,BirthDate,Job)
VALUES ('Горшков', 'Панкрат', 'Филатович','13/12/1992','Инженер-спасатель')
INSERT INTO Rescuers (Firstname,Surname,Lastname,BirthDate,Job)
VALUES ('Назаров', 'Касьян', 'Макарович', '19/01/1964','Реаниматор')
INSERT INTO Rescuers (Firstname,Surname,Lastname,BirthDate,Job)
VALUES ('Ситников', 'Олег', 'Онисимович','08/02/1994','Водитель')
INSERT INTO Rescuers (Firstname,Surname,Lastname,BirthDate,Job)
VALUES ('Цветков', 'Велорий', 'Витальевич','01/08/1995','Водитель')

INSERT INTO Casualty(Firstname,Surname,Lastname,BirthDate,Address)
VALUES ('Шкригунова', 'Берта', 'Олеговна','28/02/1956','ул. Баррикадная, дом 57, квартира 159')
INSERT INTO Casualty(Firstname,Surname,Lastname,BirthDate,Address)
VALUES ('Лагошина', 'Оксана', 'Брониславовна','09/02/1960','ул. Московская, дом 4, квартира 259')
INSERT INTO Casualty(Firstname,Surname,Lastname,BirthDate,Address)
VALUES ('Брантов', 'Гавриил', 'Фомевич','13/08/1960','ул. Барвихинская, дом 17, квартира 219')
INSERT INTO Casualty(Firstname,Surname,Lastname,BirthDate,Address)
VALUES ('Якшилов', 'Мирон', 'Прокофиевич','20/01/1962','ул. Деревцова, дом 25, квартира 192')
INSERT INTO Casualty(Firstname,Surname,Lastname,BirthDate,Address)
VALUES ('Янушковский', 'Карл', 'Матвеевич','27/12/1971','ул. Автозаводская, дом 33, квартира 95')
INSERT INTO Casualty(Firstname,Surname,Lastname,BirthDate,Address)
VALUES ('Праздников', 'Моисей', 'Назарович ','19/04/1988','ул. Маршала Конева, дом 94, квартира 262')
INSERT INTO Casualty(Firstname,Surname,Lastname,BirthDate,Address)
VALUES ('Торсунова', 'Наталия', 'Родионовна','08/01/1990','ул. Молодёжная, дом 93, квартира 143')
INSERT INTO Casualty(Firstname,Surname,Lastname,BirthDate,Address)
VALUES ('Широких', 'Аскольд', 'Якубович','23/06/2005','ул. Молодёжная, дом 90, квартира 6')
INSERT INTO Casualty(Firstname,Surname,Lastname,BirthDate,Address)
VALUES ('Шурдук', 'Кондратий', 'Леонович','13/11/2006','ул. Георгиевская, дом 19, квартира 187')
INSERT INTO Casualty(Firstname,Surname,Lastname,BirthDate,Address)
VALUES ('Жикина', 'Каролина', 'Станиславовна','16/02/2008','ул. Базовая, дом 52, квартира 95')
INSERT INTO Casualty(Firstname,Surname,Lastname,BirthDate,Address)
VALUES ('Эсаулова', 'Диана', 'Вячеславовна','02/05/2008','ул. Байдукова, дом 15, квартира 71')
INSERT INTO Casualty(Firstname,Surname,Lastname,BirthDate,Address)
VALUES ('Гурьянова', 'Владислава', 'Павеловна','08/08/2011','ул. Авиаконструктора Миля, дом 78, квартира 76')
INSERT INTO Casualty(Firstname,Surname,Lastname,BirthDate,Address)
VALUES ('Белова', 'Ангелина', 'Федотовна','20/08/2011','ул. Александра Завидова, дом 17, квартира 170')
INSERT INTO Casualty(Firstname,Surname,Lastname,BirthDate,Address)
VALUES ('Григорьева', 'Валентина', 'Глебовна','26/11/2012','ул. Театральная, дом 47, квартира 264')
INSERT INTO Casualty(Firstname,Surname,Lastname,BirthDate,Address)
VALUES ('Торсунова', 'Наталия', 'Родионовна','19/02/2016','ул. Баррикадная, дом 38, квартира 11')
INSERT INTO Casualty(Firstname,Surname,Lastname,BirthDate,Address)
VALUES ('Никитенко', 'Зинаида', 'Борисовна','19/01/1964','ул. Московская, дом 10, квартира 225')

INSERT INTO Inventory(InventoryNumber,InventoryName)
VALUES (12567894, 'Топор')
INSERT INTO Inventory (InventoryNumber,InventoryName)
VALUES (65489324, 'Молоток')
INSERT INTO Inventory (InventoryNumber,InventoryName)
VALUES (47895314, 'Топор')
INSERT INTO Inventory (InventoryNumber,InventoryName)
VALUES (78464901, 'Багор')
INSERT INTO Inventory (InventoryNumber,InventoryName)
VALUES (120348657, 'Шланг пожарный 50 м')
INSERT INTO Inventory (InventoryNumber,InventoryName)
VALUES (489531020, 'Лазерный резак')
INSERT INTO Inventory (InventoryNumber,InventoryName)
VALUES (498468166, 'Лестница')

INSERT INTO Brigades (BrigadeNumber)
VALUES (101)
INSERT INTO Brigades (BrigadeNumber)
VALUES (111)
INSERT INTO Brigades (BrigadeNumber)
VALUES (121)
INSERT INTO Brigades (BrigadeNumber)
VALUES (104)
INSERT INTO Brigades (BrigadeNumber)
VALUES (114)
INSERT INTO Brigades (BrigadeNumber)
VALUES (124)

INSERT INTO BrigadesInventory (BrigadeNumber, InventoryNumber)
VALUES (101, 12567894)
INSERT INTO BrigadesInventory (BrigadeNumber, InventoryNumber)
VALUES (101, 65489324)
INSERT INTO BrigadesInventory (BrigadeNumber, InventoryNumber)
VALUES (121, 47895314)
INSERT INTO BrigadesInventory (BrigadeNumber, InventoryNumber)
VALUES (121, 78464901)
INSERT INTO BrigadesInventory (BrigadeNumber, InventoryNumber)
VALUES (121, 120348657)
INSERT INTO BrigadesInventory (BrigadeNumber, InventoryNumber)
VALUES (104, 489531020)
INSERT INTO BrigadesInventory (BrigadeNumber, InventoryNumber)
VALUES (124, 498468166)

INSERT INTO RescuersBrigades (BrigadeNumber, IdRescuers)
VALUES (101, 1)
INSERT INTO RescuersBrigades (BrigadeNumber, IdRescuers)
VALUES (111, 2)
INSERT INTO RescuersBrigades (BrigadeNumber, IdRescuers)
VALUES (121, 3)
INSERT INTO RescuersBrigades (BrigadeNumber, IdRescuers)
VALUES (104, 4)
INSERT INTO RescuersBrigades (BrigadeNumber, IdRescuers)
VALUES (114, 5)
INSERT INTO RescuersBrigades (BrigadeNumber, IdRescuers)
VALUES (124, 6)
INSERT INTO RescuersBrigades (BrigadeNumber, IdRescuers)
VALUES (101, 7)
INSERT INTO RescuersBrigades (BrigadeNumber, IdRescuers)
VALUES (111, 8)
INSERT INTO RescuersBrigades (BrigadeNumber, IdRescuers)
VALUES (121, 9)
INSERT INTO RescuersBrigades (BrigadeNumber, IdRescuers)
VALUES (104, 10)
INSERT INTO RescuersBrigades (BrigadeNumber, IdRescuers)
VALUES (114, 11)
INSERT INTO RescuersBrigades (BrigadeNumber, IdRescuers)
VALUES (124, 12)
INSERT INTO RescuersBrigades (BrigadeNumber, IdRescuers)
VALUES (101, 13)
INSERT INTO RescuersBrigades (BrigadeNumber, IdRescuers)
VALUES (101, 14)
INSERT INTO RescuersBrigades (BrigadeNumber, IdRescuers)
VALUES (124, 15)

INSERT INTO RequestDetails(RequestNumber,IncidentInformation, IncidentReason, BrigadeNumber, BrigadeCallDate,BrigadeArrivalDate,BrigadeEndDate,BrigadeReturnDate, IdInventory)
VALUES (1, 'Пожар в жилом доме','Предварительно: непотушенная сигарета. Назначена экспертиза.', 121, '25.04.2018 15:03', '25.04.2018 15:19', '25.04.2018 16:48', '25.04.2018 17:30', 1)
INSERT INTO RequestDetails(RequestNumber,IncidentInformation, IncidentReason, BrigadeNumber, BrigadeCallDate,BrigadeArrivalDate,BrigadeEndDate,BrigadeReturnDate, IdInventory)
VALUES (2, 'ДТП с участием Ford Focus рег.знак: 9632 АТ-6 и Volkswagen Golf рег. знак: 7412 ТМ-6.','Проезд на красный свет', 101, '25.04.2018 16:31', '25.04.2018 16:39', '25.04.2018 17:21', '25.04.2018 17:56', 2)
INSERT INTO RequestDetails(RequestNumber,IncidentInformation, IncidentReason, BrigadeNumber, BrigadeCallDate,BrigadeArrivalDate,BrigadeEndDate,BrigadeReturnDate, IdInventory)
VALUES (3, 'Взрыв газа в жилом доме','Нарушение правил эксплутации газовой плиты.', 104, '25.04.2018 23:49', '26.04.2018 00:09', '26.04.2018 03:48', '26.04.2018 04:15', 3)
INSERT INTO RequestDetails(RequestNumber,IncidentInformation, IncidentReason, BrigadeNumber, BrigadeCallDate,BrigadeArrivalDate,BrigadeEndDate,BrigadeReturnDate, IdInventory)
VALUES (4, 'Кот залез на дерево и боялся слезать','Его испугала собака.', 124, '26.04.2018 15:03', '26.04.2018 15:19', '26.04.2018 16:48', '26.04.2018 17:30', 4)

INSERT INTO RequestCasualty(RequestNumber, IdCasualty)
VALUES ('1', '1')
INSERT INTO RequestCasualty(RequestNumber, IdCasualty)
VALUES ('1', '2')
INSERT INTO RequestCasualty(RequestNumber, IdCasualty)
VALUES ('1', '3')
INSERT INTO RequestCasualty(RequestNumber, IdCasualty)
VALUES ('1', '4')
INSERT INTO RequestCasualty(RequestNumber, IdCasualty)
VALUES ('1', '5')
INSERT INTO RequestCasualty(RequestNumber, IdCasualty)
VALUES ('2', '6')
INSERT INTO RequestCasualty(RequestNumber, IdCasualty)
VALUES ('2', '7')
INSERT INTO RequestCasualty(RequestNumber, IdCasualty)
VALUES ('2', '8')
INSERT INTO RequestCasualty(RequestNumber, IdCasualty)
VALUES ('2', '9')
INSERT INTO RequestCasualty(RequestNumber, IdCasualty)
VALUES ('3', '10')
INSERT INTO RequestCasualty(RequestNumber, IdCasualty)
VALUES ('3', '11')
INSERT INTO RequestCasualty(RequestNumber, IdCasualty)
VALUES ('3', '12')
INSERT INTO RequestCasualty(RequestNumber, IdCasualty)
VALUES ('3', '13')
INSERT INTO RequestCasualty(RequestNumber, IdCasualty)
VALUES ('3', '14')
INSERT INTO RequestCasualty(RequestNumber, IdCasualty)
VALUES ('4', '15')

INSERT INTO Requests(RequestAddress, RequestReason, RequestDate, IdCategory)
VALUES ('г.Могилев, ул. Ленинская, д. 26, кв. 76', 'Пожар', '25.04.2018 15:03', 1)
INSERT INTO Requests(RequestAddress, RequestReason, RequestDate, IdCategory)
VALUES ('г.Могилев, перекрёсток ул. Островского и б-ра. Непокоренных', 'ДТП', '25.04.2018 16:31', 2)
INSERT INTO Requests(RequestAddress, RequestReason, RequestDate, IdCategory)
VALUES ('г.Могилев, б-р. Первомайская, д. 94', 'Взрыв', '25.04.2018 23:48', 3)
INSERT INTO Requests(RequestAddress, RequestReason, RequestDate, IdCategory)
VALUES ('г.Могилев, ул. Гагарина, д. 58', 'Котик застрял на дереве', '26.04.2018 15:03', 3)

INSERT INTO InventoryRequestDetails(RequestNumber, InventoryNumber)
VALUES (1, 47895314)
INSERT INTO InventoryRequestDetails(RequestNumber, InventoryNumber)
VALUES (1, 120348657)
INSERT INTO InventoryRequestDetails(RequestNumber, InventoryNumber)
VALUES (2, 65489324)
INSERT INTO InventoryRequestDetails(RequestNumber, InventoryNumber)
VALUES (2, 12567894)
INSERT INTO InventoryRequestDetails(RequestNumber, InventoryNumber)
VALUES (3, 489531020)
INSERT INTO InventoryRequestDetails(RequestNumber, InventoryNumber)
VALUES (4, 498468166)

